dataSet,Input,instructionCount,ilp32,ilp256,ilp2048,ilp65536,memops,ctrlops,intops,flops,coldref,coldref fraction,reuseDist2,resuseDist2 fraction,sfp,dfp,noconflict,broadCast,coalesced,shMemBw,gMemBw,blocks,pages,lipRate,mulf,divf,specialFn,lbdiv16,lbdiv32,lbdiv64,lbdiv128,lbdiv256,lbdiv512,lbdiv1024,probsize,Class,CPU Time,GPU Time,Ratio
MVT_8192: 51-63,8192,26233453,6.498181483,13.01197782,13.07870095,15.97630611,0.8204238687,0.0513878977,0.8460864454,0.2563139515,21118,0.0009812034,13452294,0.6250325066,0.4,0,0.0671710834,0.8991662767,0.9755253307,0.0671710834,0.9770229287,923.5582915,29417.35143,0.4764885073,0.2,0,0,0,0,0,0,0,0,0,74,Y,11.144549,3.324654,3.3520928794
MVT_16384: 51-63,16384,104658385,6.499089253,13.00599512,13.03929062,14.3380862,0.8204682788,0.0513350364,0.8461201174,0.2563620679,84054,0.0009788645,53669288,0.6250143809,0.4,0,0.0510821299,0.9243109173,0.9821298556,0.0510821299,0.9829845832,925.7803819,29588.01141,0.4882250146,0.2,0,0,0,0,0,0,0,0,0,148,Y,5.509123,1.76647,3.1187186876
MVT_20000: 51-63,20000,156024013,6.157180677,13.00490983,13.03216303,14.0761383,0.8204763391,0.0513254457,0.8461262242,0.2563707934,125254,0.0009784398,80010162,0.6250109763,0.4,0,0.0514492348,0.9281022745,0.9824875797,0.0514492348,0.9831623459,926.1979977,29617.05489,0.4645468177,0.2,0,0,0,0,0,0,0,0,0,181,Y,1.16542,0.658309,1.7703236626
syrk_m_2048: 59-70,2048,23223871910,6.749968298,9.031182505,9.332882818,14.10043375,0.6666606319,0.0741196312,0.6666606407,0.185172444,144195,9.313453793E-06,8601262697,0.5555495176,0.5999218979,0,0.0626150055,0.9373849945,1,0.0626150055,1,95436.84975,3052010.767,0.5513726711,0.3999804745,0,0,0.0001425072,0.0002850143,0.0005700286,0.0011400573,0.0022801145,0.0045602291,0.0091204582,18,Y,15.701999,14.617724,1.0741753641
syrk_m_1024: 59-70,1024,2996927698,6.999141279,9.398286187,10.0289984,15.75023334,0.6428396932,0.0715158081,0.6785627105,0.1785452163,36035,1.870447728E-05,1070278964,0.5555434594,0.5998438415,0,0.0627290183,0.9372709817,1,0.0627290183,1,47518.27462,1516670.528,0.4979263842,0.3999609604,0,0,0.0005521601,0.0011043203,0.0022086405,0.0044172811,0.0088345621,0.0176691243,0.0353382486,9,Y,1.954343,1.856112,1.0529229917
syrk_m_512: 61-73,512,361495150,6.749858999,9.125887092,10.49581491,18.33941451,0.6666424515,0.0742564375,0.666642587,0.1851340357,9011,3.739190131E-05,133876379,0.5555312786,0.5996878658,0,0.0629692594,0.9370307406,1,0.0629692594,1,23767.71535,754122.8275,0.4790339056,0.3999219664,0,0,0.0011557333,0.0023114667,0.0046229334,0.0092458668,0.0184917336,0.0369834671,0.0370557005,4,N,0.240601,0.352954,0.6816780657
spmv_76689: 115-135,76689,356362165,1.442209576,1.918572408,5.139659257,95.96029747,0.8901286645,0.0728889022,0.8563742478,0.2818713794,164580,0.0005188391,152781410,0.4816439821,0.2471369972,0,0.011896571,0.893458886,0.9053554571,0.011896571,0.9195534399,1441.718586,45652.59981,0.0561638428,0.1235684986,0,0,0.0172159376,0.0318830055,0.0359064212,0.0359064212,0.0359064212,0.0359064212,0.0359064212,4,Y,1.110812,0.597094,1.8603636948
spmv_106689: 115-135,106689,432944805,1.448546746,2.019700236,5.475393601,104.6015143,0.889732764,0.0731007894,0.8562627308,0.2813137693,199094,0.0005168518,185623970,0.4818833718,0.2467150604,0,0.011896571,0.893458886,0.9053554571,0.011896571,0.9195534399,1444.209366,45966.54363,0.0519543059,0.1233575302,0,0,0.0197140721,0.0326224351,0.0359343035,0.0359343035,0.0359343035,0.0359343035,0.0359343035,4,Y,1.676241,0.691481,2.4241316826
spmv_146689: 115-135,146689,526000165,1.455191458,2.13255884,5.859059908,114.5209935,0.8893213522,0.0733209789,0.8561468436,0.2807343131,241051,0.000515305,280083147,0.5987456586,0.2462748185,0,0.011896571,0.893458886,0.9053554571,0.011896571,0.9195534399,1445.294924,46214.06717,0.0478762574,0.1231374093,0,0,0.022251676,0.033237314,0.0359632777,0.0359632777,0.0359632777,0.0359632777,0.0359632777,4,Y,1.83819,0.83047,2.213433357
floyd:1600: 60-78,1600,16587054898,6.10506987,9.479592284,9.75892745,25.9814422,0.6887607668,0.1460277193,0.8539722806,0,78562,6.876617183E-06,5559146540,0.4865981342,0,0,0.0385966175,0.9611433783,0.9997399958,0.0385966175,0.9998468309,140127.0627,4399944.965,0.4574686858,0,0,0,0.0003304283,0.0007639943,0.0010135518,0.0019458988,0.003645705,0.0069405639,0.0130498393,20,Y,86.46407,2.496342,34.6363078456
floyd:1200: 60-78,1200,7048252032,6.275919201,10.24123452,10.64809591,32.32316185,0.6890525841,0.1454332932,0.8545667066,0,44969,9.259327368E-06,2359446249,0.4858210151,0,0,0.0389244671,0.9591195094,0.9980439765,0.0389244671,0.9989779877,104110.9494,3322757.477,0.3854298039,0,0,0,0.0004545377,0.0009077678,0.0016675272,0.0031246646,0.0058783043,0.0111622483,0.0208032199,14,Y,27.30954,1.206233,22.6403522371
floyd:800: 61-79,800,2083036448,6.523965573,11.4777639,12.17654731,41.57783346,0.6898370153,0.1451261241,0.854873875,0,20002,1.391970591E-05,699653245,0.4868996805,0,0,0.0474984699,0.9466052235,0.9941036934,0.0474984699,0.9969545083,69181.95295,2206981.536,0.2944355766,0,0,0,0.0008789093,0.0017712302,0.0035924512,0.0066690481,0.0124112006,0.0234693778,0.0347620037,8,Y,10.133949,0.562161,18.0267734688
MatrixVector_600: 28-38,600,1318176675,4.694959854,15.25668323,15.25679495,15.26080673,0.6393379476,0.0984270504,0.5574339502,0.2130488313,11291,1.339763995E-05,518652482,0.6154210621,0.2307396488,0.307652865,0.0338559273,0.9627636806,0.9993079197,0.0338559273,0.9996539599,55495.23946,1755328.415,0.307710843,0.2499479275,0,0.499895855,0.000437,0.0008739344,0.0017478229,0.0034956458,0.006991333,0.0139828315,0.0164135813,5,Y,32.485493,3.480683,9.3330800306
MatrixVector_500: 28-38,500,762900565,3.587982497,3.589676813,3.589715124,3.591073664,0.6393366742,0.0984403544,0.557445335,0.2130356267,7848,1.609019992E-05,300175201,0.6154280066,0.2307337333,0.3076449777,0.0335984191,0.9616692402,0.99902793,0.0335984191,0.999513965,46206.54911,1462400.016,0.9994319323,0.2499375156,0,0.4998750312,0.0005242941,0.0010485882,0.0020971763,0.0041943741,0.008388834,0.0164176048,0.0164176048,4,Y,18.845877,2.312996,8.147820835
waster_300000000: 31-40,300000000,24420000009,6.639440765,37.91176471,300.7666667,9023,0.6265356266,0.2493857494,0.7506142505,0.2481572481,3,1.960784313E-10,9150000003,0.5980392156,0,0,0.0024600492,0.9975399508,1,0.0024600492,1,9823.958089,314334.4711,0.0007358352,0,0,0,6.56E-08,0.000000131,0.000000263,0.000000418,0.000000418,0.000000418,0.000000418,2706416,Y,27.620293,19.325666,1.4292026469
waster_200000000: 31-40,200000000,16280000009,6.639440765,37.91176471,300.7666667,9023,0.6265356266,0.2493857494,0.7506142505,0.248157248,3,2.941176469E-10,6100000003,0.5980392156,0,0,0.0024600492,0.9975399508,1,0.0024600492,1,9823.937133,314307.6531,0.0007358352,0,0,0,9.84E-08,0.000000197,0.000000394,0.000000627,0.000000627,0.000000627,0.000000627,1804277,Y,18.488861,12.921632,1.4308456548
waster_100000000: 31-40,100000000,8140000009,6.639440765,37.91176471,300.7666667,9023,0.6265356267,0.2493857494,0.7506142504,0.2481572479,3,5.882352933E-10,3050000003,0.5980392155,0,0,0.0024600492,0.9975399508,1,0.0024600492,1,9823.874267,314259.3924,0.0007358352,0,0,0,0.000000197,0.000000394,0.000000788,0.00000125,0.00000125,0.00000125,0.00000125,902138,Y,10.475384,6.504646,1.6104464409
k-nearest_4096: 67-87 1st loop,4096,42617040,1.961662861,1.963827056,1.980878554,2.857887786,0.8235147256,0.0588396097,0.8039127072,0.3725292981,273,7.778717429E-06,15876912,0.4523883227,0.1578947368,0,0,0.8687547502,0.8687547502,0.0656226249,0.9343773751,509.3433464,16255.01945,0.9216628609,0.1111111111,0,0.0555555556,0,0,0,0,0,0,0,18,Y,0.267782,0.329749,0.8120782777
k-nearest_2048: 67-87 1st loop,2048,10654830,1.961787256,1.966117268,2.000600645,4.015974977,0.8234999526,0.058855749,0.8039037695,0.372509369,139,1.584180623E-05,5222809,0.5952426486,0.1578947368,0,0,0.8903311927,0.8903311927,0.0548344037,0.9451655963,506.63759,16031.3741,0.8433282629,0.1111111111,0,0.0555555556,0,0,0,0,0,0,0,9,Y,0.057638,0.162956,0.35370284
k-nearest_1024: 67-87 1st loop,1024,2611762,1.962036035,1.970716032,2.041237004,5.416599114,0.8234701324,0.0588882142,0.8038856527,0.3724688544,71,3.301238476E-05,1382601,0.6428585378,0.1578947368,0,0,0.9047704074,0.9047704074,0.0476147963,0.9523852037,500.7955379,15314.04673,0.6866666894,0.1111111111,0,0.0555555556,0,0,0,0,0,0,0,4,Y,0.016934,0.124418,0.1361057082
mri_q_4096: 109-126,4096,6861885858,3.368423956,4.571487194,4.571975539,4.589344504,0.7187498864,0.0625001976,0.6250000077,0.4374997122,41020,8.317146999E-06,2465990245,0.500000082,0.3214285714,0.0357142857,0.1786797238,0.8213202762,1,0.1786797238,1,96709.5756,3077600.303,0.7361249625,0.2083333333,0,0.0833333333,0,0,0,0,0,0,0,37,Y,90.492458,42.838692,2.1124001172
mri_q_2048: 109-126,2048,3422554323,2.560001621,2.560036387,2.560309862,2.570036509,0.7187498864,0.0625001978,0.6250000079,0.4374997112,40994,1.666449501E-05,1443889969,0.5869565592,0.3214285714,0.0357142857,0.1786797238,0.8213202762,1,0.1786797238,1,48265.97709,1535037.805,0.9990251163,0.2083333333,0,0.0833333333,0,0,0,0,0,0,0,18,Y,58.322646,21.415719,2.723356895
mri_q_:_1024 109-126,1024,1677722715,2.560001621,2.560036387,2.560309862,2.570036509,0.7187498865,0.0625001981,0.6250000084,0.4374997092,40981,3.398478901E-05,707789201,0.5869565569,0.3214285714,0.0357142857,0.1786797238,0.8213202762,1,0.1786797238,1,23667.29791,753053.729,0.9990251163,0.2083333333,0,0.0833333333,0,0,0,0,0,0,0,9,Y,29.71734,11.070811,2.6842965705
randomsky_30000000: 26-36,30000000,42000012,4.238095238,11.60869565,534,534,0.6190476327,0.1190476327,0.5714285986,0.5238093741,5,1.923076331E-07,12000001,0.461538358,0.0909090909,0.2272727273,0.1111124445,0.8888875555,1,0.1111124445,1,271.9739545,8686.767501,0.0079365079,0,0.1333333333,0.2,0,0,0,0,0,0,0,78651,Y,10.823398,0.467086,23.1721738609
randomsky_20000000: 26-36,20000000,42000012,4.238095238,11.60869565,534,534,0.6190476327,0.1190476327,0.5714285986,0.5238093741,4,1.538461065E-07,12000002,0.4615383964,0.0909090909,0.2272727273,0.1111124445,0.8888875555,1,0.1111124445,1,271.9696034,8686.767501,0.0079365079,0,0.1333333333,0.2,0,0,0,0,0,0,0,78651,Y,7.468459,0.39032,19.1341950195
randomsky_10000000: 26-36,10000000,42000012,4.204724409,14.83333333,534,534,0.6190476327,0.1190476327,0.5714285986,0.5238093741,4,1.538461065E-07,12000002,0.4615383964,0.0909090909,0.2272727273,0.1111124445,0.8888875555,1,0.1111124445,1,271.9739545,8686.767501,0.0078740157,0,0.1333333333,0.2,0,0,0,0,0,0,0,78651,Y,3.575326,0.205593,17.3903099814
atax_32768: 49-63,32768,4938068783,5.749985955,7.667745243,7.677715107,8.048079145,0.782606792,0.086958743,0.8260851678,0.2173892271,3356780,0.0008686046,2361681505,0.6111116751,0.3999987793,0,0.185520905,0.814479095,1,0.185520905,1,1023.350111,32745.44766,0.7411370637,0.1999993897,0,0,0.000000648,0.0000013,0.00000259,0.00000518,0.0000104,0.0000207,0.000041475,297,Y,43.58442,42.563167,1.0239938208
atax_16384: 49-63,16384,1234532765,5.749971911,7.668824087,7.688795076,8.469414149,0.7826048886,0.0869609645,0.8260833782,0.2173871489,839735,0.0008691547,590426929,0.6111122367,0.3999975586,0,0.187436997,0.812563003,1,0.187436997,1,1022.698623,32722.30333,0.7322744593,0.1999987793,0,0,0.00000259,0.00000518,0.0000104,0.0000207,0.0000415,0.000083,0.0001659028,148,Y,6.943578,6.684152,1.0388121036
atax_8192: 49-63,8192,308640980,5.749943824,7.670982582,7.71105014,9.459855047,0.7826010823,0.0869654088,0.8260797967,0.2173829898,210206,0.0008702641,147610008,0.6111133488,0.3999951172,0,0.1874449974,0.8125550026,1,0.1874449974,1,1021.395737,32669.27739,0.7145502462,0.1999975586,0,0,0.0000104,0.0000207,0.000041474,0.000083,0.0001659088,0.0003318176,0.0006636351,74,Y,1.508198,1.472688,1.0241123714
syr2k_1024: 54-65,1024,5028127852,6.714552629,11.75544765,11.78282115,12.84588177,0.808454449,0.0426257471,0.7872039543,0.2127128728,68806,1.692639391E-05,1283770777,0.3158098112,0.6,0,0.0571282265,0.9428717735,1,0.0571282265,1,54412.97228,1737326.669,0.5592090746,0.4,0,0,0,0,0,0,0,0,0,9,Y,5.980136,4.136297,1.445770456
syr2k_512: 54-65,512,616346160,6.714815267,11.76091109,11.81590249,14.16624099,0.8083981703,0.0426984116,0.7871738115,0.2126597171,17190,3.450053742E-05,288486600,0.5789960872,0.6,0,0.0571241129,0.9428758871,1,0.0571241129,1,26696.15469,846642.441,0.5469597082,0.4,0,0,0,0,0,0,0,0,0,4,Y,0.923785,0.584735,1.57983531
v_smul_200000: 23-31,200000,68000220010,5.666609092,5.667001483,5.67000589,5.777944026,0.8235285121,0.1176478547,0.8823521453,0,12502,2.232495216E-07,36000080001,0.6428571938,0,0,0.3333373335,0.6666626665,1,0.3333373335,1,2559731.229,81632789.12,0.9951859813,0,0,0,0,0,0,0,0,0,0,1818,Y,90.566129,58.273253,1.5541629193
v_smul_100000: 23-31,100000,17000110010,5.666551519,5.667336335,5.673349018,5.89367813,0.8235276125,0.1176486506,0.8823513493,0,6253,4.466409427E-07,9000040001,0.6428572446,0,0,0.3333373335,0.6666626665,1,0.3333373335,1,1279731.258,40678101.71,0.990372107,0,0,0,0,0,0,0,0,0,0,909,Y,23.889988,15.040647,1.5883617241
v_smul_50000: 23-31,50000,4250055010,5.666632122,5.668143589,5.680150536,6.139793497,0.8235258131,0.1176502424,0.8823497572,0,3129,0.000000894,1500020000,0.4285734684,0,0,0.3332306634,0.6666653333,0.9998959967,0.3332306634,0.9999479983,639663.1136,20134362.44,0.9807604897,0,0,0,0,0,0,0,0,0,0,454,Y,5.961254,5.994561,0.9944437966
v_ssum_100000: 27-35,100000,17000110010,5.666551519,5.667336335,5.673349018,5.89367813,0.8235276125,0.1176486506,0.8823513493,0,6253,4.466409427E-07,9000040001,0.6428572446,0,0,0.3333373335,0.6666626665,1,0.3333373335,1,1279731.258,40678101.71,0.990372107,0,0,0,0,0,0,0,0,0,0,909,Y,22.717809,15.0397,1.5105227498
v_ssum_50000: 27-35,50000,4250055010,5.666632122,5.668143589,5.680150536,6.139793497,0.8235258131,0.1176502424,0.8823497572,0,3128,8.937066234E-07,2250020001,0.6428573458,0,0,0.3332306634,0.6666653333,0.9998959967,0.3332306634,0.9999479983,639663.1136,20270405.43,0.9807604897,0,0,0,0,0,0,0,0,0,0,454,Y,5.600589,5.993396,0.934460029
reduction_100000: 13-21,100000,12000110007,4.000041818,4.000787417,4.006773177,4.230995793,0.6666655556,0.1666684723,0.8333315276,0,2,2.499981249E-10,6000040001,0.7499993747,0,0,0,1,1,0,1,3000020002,3000020002,0.9863736777,0,0,0,0,0,0,0,0,0,0,909,N,16.071997,13.704642,1.1727411048
reduction_50000: 13-21,50000,3000055007,4.000083636,4.001575123,4.013569147,4.490298835,0.6666644446,0.166670278,0.8333297213,0,2,0.000000001,1500020001,0.7499987486,0,0,0,1,1,0,1,500006667.7,750010001.5,0.9727474379,0,0,0,0,0,0,0,0,0,0,454,Y,4.202447,5.381065,0.7809693806
search_vector:50000: 35-50,50000,1624755008,4.333469922,4.336419177,4.360509571,5.4276402,0.6153850895,0.3076925441,0.6153881656,0.153838578,784,7.841176129E-07,624905001,0.6249987471,0,0,0.0713377121,0.9285742858,0.9999119979,0.0713377121,0.9999559989,1115886.483,32402037.15,0.9496716424,0,0,0,0.000000985,0.00000197,0.000003939,0.00000788,0.0000158,0.000031511,0.000063,454,Y,19.518681,0.980425,19.908387689
search_vector:30000: 35-50,30000,584853008,4.333561006,4.33847931,4.378821353,6.526686287,0.6153854064,0.3076927015,0.6153905325,0.1538335253,471,1.308660477E-06,224943001,0.6249979085,0,0,0.0712768553,0.9285751429,0.9998519982,0.0712768553,0.9999259991,668605.1019,18524294.29,0.9161101153,0,0,0,0.00000274,0.00000547,0.0000109,0.0000219,0.0000438,0.0000875,0.0001752117,272,Y,6.738834,0.642431,10.4895840954
search_vector:12000: 35-50,12000,93541208,4.333902751,4.346225583,4.44891257,9.237420689,0.6153866005,0.3076932896,0.6153994077,0.1538145627,191,0.000003318,35977200,0.6249947233,0,0,0.0710468419,0.9285811432,0.9996279851,0.0710468419,0.9998139926,265080.0158,6295650.375,0.7901881605,0,0,0,0.0000171,0.0000342,0.0000684,0.0001368057,0.0002735535,0.0005472226,0.0010953718,109,Y,1.100819,0.428279,2.5703314895
string_matching:4000000: 52-70,4000000,35960593009,5.999830346,6.015028094,6.137270214,12.51404668,0.611127158,0.2222209878,0.7777790121,0,3203,1.457466261E-07,13984897001,0.6363570259,0,0,0,0.9995199846,0.9995199846,0,0.9997599923,6235142.635,193955310.7,0.8183189734,0,0,0,4.45E-08,0.000000089,0.000000178,0.000000356,0.000000712,0.00000142,0.00000285,36315,Y,33.43429,29.519475,1.1326180428
string_matching:3000000: 52-70,3000000,26959193009,5.999830346,6.015028094,6.137270214,12.51404668,0.6111271581,0.2222209878,0.7777790121,0,2423,1.470669014E-07,4494297000,0.2727867659,0,0,0,0.9995199846,0.9995199846,0,0.9997599923,6183648.639,189579708.9,0.8183189734,0,0,0,5.93E-08,0.000000119,0.000000237,0.000000475,0.000000949,0.0000019,0.0000038,27225,Y,24.870105,22.252725,1.117620651
string_matching:2000000: 52-70,2000000,17957793009,5.999830346,6.015028094,6.137270214,12.51404668,0.6111271581,0.2222209878,0.777779012,0,1640,1.494374E-07,6983697001,0.6363570257,0,0,0,0.9995199846,0.9995199846,0,0.9997599923,6083046.953,184744388.9,0.8183189734,0,0,0,8.91E-08,0.000000178,0.000000356,0.000000713,0.00000142,0.00000285,0.00000571,18135,Y,16.409556,14.847034,1.1052413566
Lud:2048: 49-66,2048,63064197129,5.480054797,9.526174433,22.15619838,271.3089014,0.7273482357,0.0909394372,0.8182875754,0.2271486453,131076,2.85757685E-06,20083041283,0.4378286936,0.3996193208,0,0.0110939082,0.9223106374,0.947214921,0.0110939082,0.9549727573,306161.4614,9790295.125,0.0629720984,0.1997364968,0.0001463271,0,0.0000946,0.0001727275,0.000280034,0.0003239226,0.0003243264,0.0003251328,0.0003267844,10177,Y,47.143766,2.010043,23.4541081957
Lud:1536: 49-66,1536,26615248393,5.480024791,9.525551999,22.12389785,263.211159,0.7273733364,0.0909495885,0.8183227517,0.2271072873,73732,3.808624123E-06,8478141187,0.4379381143,0.3994925077,0,0.0095219044,0.9230806161,0.9468853771,0.0095219044,0.9546628041,229696.6068,7341230.996,0.0630876841,0.1996487374,0.000195033,0,0.0001665907,0.0003040467,0.0004924392,0.0005693848,0.0005703416,0.0005722509,0.0005761937,5733,Y,11.526939,1.134848,10.1572536586
Lud:1024: 49-66,1024,7891952649,5.479964574,9.524126805,22.04423755,248.1363015,0.7274234348,0.0909699449,0.81839299,0.2270245755,32772,5.708620688E-06,2515366403,0.4381567401,0.3992390015,0,0.0076652264,0.9240158425,0.9466754681,0.0076652264,0.954492461,153234.9041,4889789.947,0.0642336984,0.1994733308,0.00029234,0,0.0003678374,0.0006705066,0.0010837108,0.001251981,0.0012551858,0.0012615663,0.0012738446,2556,Y,3.024692,0.591112,5.1169524557
 FDTD-2D:8: 66-105,524288,7147561679,4.798247972,13.4895615,29.03866783,450.360961,0.6342798046,0.0474360199,0.8051580342,0.1920032858,1742,3.84246E-07,1984976509,0.4378411502,0.1931540342,0.2298288509,0.2136299082,0.6887244214,0.9023543296,0.2136299082,0.9511771648,2413644.27,70076138.65,0.0351941437,0,0,0,0.0000224,0.0000447,0.0000456,0.0000456,0.0000455,0.0000452,0.0000457,4765,Y,6.846823,1.110576,6.1651098169
FDTD-2D:4: 66-105,262144,3573780845,4.798247972,13.4895615,29.03866783,450.360961,0.6342798049,0.0474360201,0.805158034,0.1920032855,923,4.071860589E-07,992488255,0.4378411496,0.1931540342,0.2298288509,0.2136299082,0.6887244214,0.9023543296,0.2136299082,0.9511771648,2277664.313,61831887.09,0.0351941437,0,0,0,0.0000447,0.0000894,0.0000913,0.0000912,0.0000909,0.0000904,0.0000914,2382,Y,3.393698,0.679828,4.991995034
FDTD-2D:2: 66-105,131072,1786890428,4.798247972,13.4895615,29.03866783,450.360961,0.6342798054,0.0474360205,0.8051580335,0.1920032849,513,4.526250215E-07,496244128,0.4378411483,0.1931540342,0.2298288509,0.2136299082,0.6887244214,0.9023543296,0.2136299082,0.9511771648,2049009.906,50054384.86,0.0351941437,0,0,0,0.0000895,0.0001788929,0.0001825462,0.0001823031,0.0001818263,0.0001808785,0.0001827946,1191,Y,1.700946,0.44167,3.8511694251
Timewaster:50000: 34-57,50000,2216700009,3.166883125,3.168362438,3.181261334,3.715862941,0.586482158,0.1428564987,0.5188049805,0.135343077,5,3.845991117E-09,916650000,0.7050855514,0,1,0,1,1,0,1,190003000.6,316671667.7,0.9631544086,0,0,0,0.0004563013,0.0004570158,0.0004584448,0.000461303,0.0004670179,0.0004784491,0.0005017968,454,Y,23.225514,7.608884,3.0524205652
min_max_red:262144: 27-40,262144,137437144683,2.857152341,2.85716324,2.857252277,2.860401012,0.849999361,0.1000005531,0.7499997616,0.0499998951,32772,2.805305887E-07,68718533017,0.5882353997,0,1,0,0.7261890476,0.7261890476,0.1369054762,0.8630945238,2935612.849,93585510,0.9997164243,0,0,0,0,0,0,0,0,0,0,2383,Y,169.931417,119.958813,1.4165813478
min_max_red:131072: 27-40,131072,34359358266,2.857161825,2.857183623,2.857361705,2.863666585,0.8499987221,0.1000011063,0.7499995231,0.0499997902,16388,5.611289023E-07,17179659469,0.5882355052,0,1,0,0.7261890476,0.7261890476,0.1369054762,0.8630945238,1467628.892,46611438.54,0.9994328484,0,0,0,0,0,0,0,0,0,0,1191,Y,41.48116,37.52231,1.105506564
min_max_red:65539: 27-40,65539,8589220252,2.857180792,2.85722439,2.857580583,2.870220091,0.8499974441,0.1000022126,0.7499990461,0.0499995803,8196,1.122614353E-06,4294600293,0.5882357161,0,1,0,0.7261890476,0.7261890476,0.1369054762,0.8630945238,733581.0062,23124730.49,0.9988656964,0,0,0,0,0,0,0,0,0,0,595,Y,11.387481,8.305175,1.3711307709
min_max_red:32768: 27-40,32768,2146995405,2.857218727,2.857305925,2.858018432,2.883417253,0.8499948881,0.1000044255,0.7499980919,0.0499991606,4100,2.246655214E-06,1073492785,0.5882361372,0,1,0,0.7261901428,0.7261901428,0.1369049286,0.8630950714,366557.2339,11385489.84,0.997731391,0,0,0,0,0,0,0,0,0,0,297,N,2.773428,4.125899,0.672199683
PI:999999999: 24-33,999999999,1999999988,2.25,18,288,288,0.7000000002,0.1000000006,0.5499999998,0.1499999994,3,2.142857155E-09,899999994,0.6428571422,0,1,0,1,1,0,1,366666664.3,366666664.3,0.0078125,0,0,0,0,0,0,0,0,0,0,6944444,Y,41.464354,6.140795,6.7522778402
PI:800000000: 24-33,800000000,1600000008,2.25,18,288,288,0.7000000003,0.1000000008,0.5499999998,0.1499999993,3,2.678571414E-09,720000003,0.642857142,0,1,0,1,1,0,1,293333334.7,293333334.7,0.0078125,0,0,0,0.00000001,0.00000002,0.00000004,0.00000008,0.00000016,0.00000032,0.00000064,5555555,Y,14.795951,2.28441,6.4769244575
PI:450000000: 24-33,450000000,900000008,2.25,18,288,288,0.7000000004,0.1000000013,0.5499999996,0.1499999987,3,4.761904717E-09,405000003,0.6428571415,0,1,0,1,1,0,1,165000001.3,165000001.3,0.0078125,0,0,0,1.78E-08,3.56E-08,7.11E-08,0,0,0,0,3125000,Y,3.27867,0.508241,6.451014381
GEMM:2048: 34-49,2048,23110584526,5.999891221,9.029708849,9.331309768,14.10065717,0.777749634,0.0741196319,0.7777496427,0.1851724456,157189,8.745233417E-06,11127055153,0.61905537,0.5999218979,0,0.0264406346,0.947250734,0.9736913686,0.0264406346,0.9745135133,103453.2877,3307244.018,0.490156694,0.3999804745,0,0,0.000143205,0.0002864101,0.0005728201,0.0011456403,0.0022912805,0.004582561,0.0091651442,18,Y,151.732057,17.193195,8.8251227884
GEMM:1024: 34-49,1024,2889868396,5.9997819,9.059591599,9.687677986,15.27973419,0.7777214655,0.0741652133,0.7777215001,0.1851596788,39301,1.748644191E-05,1391352217,0.6190631211,0.5998438415,0,0.0265653814,0.9471332509,0.9736986323,0.0265653814,0.9745205501,51736.3331,1649058.903,0.4420703482,0.3999609604,0,0,0.0005726046,0.0011452092,0.0022904185,0.004580837,0.0091616739,0.0183233479,0.0366474041,9,Y,13.88954,2.217976,6.2622589244
GEMM:512: 34-49,512,361495099,5.99956163,9.119884834,10.48789044,18.33789388,0.7776650549,0.0742564479,0.7776651904,0.1851340618,9830,0.000034967,107111628,0.3810146044,0.5996878658,0,0.0268181455,0.9468957517,0.9737138971,0.0268181455,0.9745353378,25870.29247,817700.8842,0.4257578228,0.3999219664,0,0,0.0011556893,0.0023113785,0.004622757,0.009245514,0.018491028,0.036982056,0.0370557057,4,Y,0.816863,0.351247,2.3256084749
neighbor_bench:12000: 96-141,12000,12463871350,2.43248772,3.120762468,9.821032942,193.4059347,0.7563471218,0.1478121863,0.8198556427,0.0011553393,912831,9.683141187E-05,6159924272,0.6534332908,0,1,0,0.8455134283,0.9133330933,0.0020863589,0.949472976,4041.014483,107285.6145,0.048471625,0,0,0,0.0050421366,0.006000249,0.0060007599,0.0060017817,0.0060038146,0.0060078996,0.0060163321,114,N,24.827133,26.453223,0.9385296075
neighbor_bench:7000: 96-141,7000,7888143970,2.563023266,3.880251155,9.619416106,149.5120403,0.7586767669,0.1439322475,0.8238108268,0.0006211854,315489,5.271723313E-05,3679816309,0.6148858891,0,1,0,0.8374810483,0.8618432896,0.0075466943,0.9147296313,7500.422845,177893.698,0.0478055462,0,0,0,0.0071321143,0.0085638003,0.0101423422,0.0101439565,0.0101471853,0.0101536105,0.0101668693,68,N,11.518127,13.465596,0.8553744669
Collinear_List:2048: 51-82,1024,44640612341,4.530365063,16.88366879,107.9614443,3282.886869,0.7486614288,0.1500351101,0.8321178658,0,131,3.919725856E-09,23021410177,0.6888367687,0,0,0,1,1,0,1,211889124.7,3655087400,0.0054091593,0,0,0,0.0043405792,0.0064857662,0.0085891109,0.009719428,0.0101654634,0.011005039,0.0126842334,18,N,46.413496,59.670559,0.7778290798
collinear_list:1024: 51-82,1024,5581059077,4.530232472,16.87760698,107.8784531,3241.788036,0.7486327939,0.1500692536,0.8320864753,0,67,0.000000016,2882436659,0.6898811925,0,0,0,1,1,0,1,51486641.56,731110310.2,0.0054372975,0,0,0,0.0085488176,0.0127352115,0.0167570203,0.0185958798,0.0186461069,0.0186461069,0.0186461069,9,N,5.683282,7.321646,0.7762300991
collinear_list:512: 51-82,512,696079958,4.52968622,16.87030809,107.7982863,3182.842296,0.7485057155,0.1502042816,0.831920726,0,36,6.909525921E-08,360245850,0.6914244551,0,0,0,0.9999919993,1,0,1,12657917.53,113921257.8,0.0055123773,0,0,0,0.0083338932,0.0125144244,0.0167261704,0.0184284116,0.0184284116,0.0184284116,0.0370370325,4,N,0.773513,1.159012,0.6673899839
GESUMMV_16384: 32-44,16384,221425670,3.000150308,3.002649239,3.022628734,3.959409319,0.8484766649,0.0606115587,0.8181653329,0.2424314037,419614,0.0022334802,120776390,0.6428566995,0.4999847431,0,0.080031683,0.919968317,1,0.080031683,1,399.7547007,12788.18853,0.9395297882,0.25,0,0,0.00000723,0.0000145,0.0000289,0.0000578,0.0001156285,0.0002312571,0.0004625141,74,N,1.4017,2.16825,0.646466044
GESUMMV_8192: 32-44,8192,221425670,3.000150308,3.002649239,3.022628734,3.959409319,0.8484766649,0.0606115587,0.8181653329,0.2424314037,419614,0.0022334802,120776390,0.6428566995,0.4999847431,0,0.080031683,0.919968317,1,0.080031683,1,399.7547007,12788.18853,0.9395297882,0.25,0,0,0.00000723,0.0000145,0.0000289,0.0000578,0.0001156285,0.0002312571,0.0004625141,74,N,0.414631,2.610222,0.1588489408
primeCounter:700000: 56-74,700000,2982706002,6.141176471,23.72727273,522,522,0.4616292615,0.3076511444,0.6154430986,0,2,1.452533702E-09,1147237108,0.8332002816,0,0,0,1,1,0,1,573618555,573618555,0.0117647059,0,0,0,0.000000261,0.000000455,0.000000689,0.000000752,0.000000668,0.000000557,0.000000835,5713996,N,57.781015,412.397738,0.1401099222
primeCounter:600000: 56-74,600000,2239865042,6.141176471,23.72727273,522,522,0.4616421131,0.3076453313,0.615451384,0,2,1.934205989E-09,861523054,0.8331815254,0,0,0,1,1,0,1,430761528,430761528,0.0117647059,0,0,0,0.000000347,0.000000606,0.000000918,0.000001,0.00000089,0.000000742,0.00000111,4290929,N,44.092051,313.158131,0.1407980398
22DCONV_15360: 41-53,15360,2662206387,6.396234804,24.21396861,37.69897608,39.13216451,0.5575214056,0.017701288,0.8318573608,0.2389362625,737284,0.0004967428,565426265,0.3809541516,0.6296296296,0,0.3231302177,0.6762377545,0.9993679722,0.3231302177,0.9996839861,975.237364,31205.01218,0.1682618,0.3333333333,0,0,0,0,0,0,0,0,0,139,N,3.204587,3.807937,0.8415546266
22DCONV_10360: 41-53,10360,1210262887,6.396233558,24.21378519,37.71459203,39.88116677,0.5575210595,0.0177023374,0.8318568551,0.2389353975,335409,0.0004970885,257048265,0.3809550055,0.6296296296,0,0.3228142038,0.6762457548,0.9990599586,0.3228142038,0.9995299793,974.8669453,31190.90189,0.167513689,0.3333333333,0,0,0,0,0,0,0,0,0,93,N,1.55948,1.716174,0.9086957383
3DCONV_512: 39-59,512,3492503086,6.372239904,21.92251913,91.46337435,167.9756089,0.5364850037,0.0073271111,0.8868456089,0.1642147439,418308,0.0002232553,242278246,0.1293064044,0.6444444444,0,0.283499938,0.6987635654,0.9822635034,0.283499938,0.9911317517,2257.521342,69546.76183,0.0625569628,0.3333333333,0,0,0,0,0,0,0,0,0,4,Y,3.180727,2.942611,1.0809199721
3DCONV_256: 39-59,256,406673612,6.372384739,21.92507697,91.59483197,178.0356646,0.5364735468,0.0073552793,0.8868297066,0.1641957039,51460,0.0002358715,60867890,0.278993408,0.6444444444,0,0.2398493343,0.728008038,0.9678573723,0.2398493343,0.9839286861,2185.803462,60243.60722,0.0552909898,0.3333333333,0,0,0,0,0,0,0,0,0,2,Y,0.508171,0.430335,1.1808730408
3D_array_700: 17-28,700,1235388780,7.197260332,12.00573513,12.00584502,12.0097733,0.6110978489,0.1389815779,0.5833730301,0.3609390074,5,6.623012835E-09,377545280,0.500097447,0.0769230769,0.1538461538,0.0624779993,0.9375220007,1,0.0624779993,1,448.2271628,14341.65024,0.5994353564,0.1,0,0.3,0,0,0,0,0,0,0,6,Y,41.464354,6.140795,6.7522778402
3D_array_500: 17-28,500,450300560,7.196150568,12.00804086,12.00825628,12.0159583,0.6110925245,0.1390187079,0.5833889169,0.360870082,5,1.817023509E-08,137625200,0.5001364476,0.0769230769,0.1538461538,0.0624697492,0.9375302508,1,0.0624697492,1,448.3159289,14341.59389,0.5991800271,0.1,0,0.3,0,0,0,0,0,0,0,4,Y,14.795951,2.28441,6.4769244575
3D_array_300: 17-28,300,97308340,5.541754221,6.125755423,7.375125624,12.03546334,0.6110800575,0.1391054662,0.5834260044,0.3607090615,5,8.408563913E-08,18927121,0.3182998133,0.0769230769,0.1538461538,0.0624517471,0.9375482529,1,0.0624517471,1,448.5082128,14329.84589,0.4610874983,0.1,0,0.3,0,0,0,0,0,0,0,2,Y,3.27867,0.508241,6.451014381
mandelbort:200000: 45-96,200000,22728554640,4.051059503,6.450535548,6.655475292,16.5936233,0.7295700113,0.162058273,0.5407457167,0.2430759664,7817,4.71412744E-07,10440223578,0.6296091141,0,0.5557156107,0.0422599449,0.9518069397,0.9940668846,0.0422599449,0.9968974167,432271.1548,13786362.19,0.4516910977,0,0,0,0.00000183,0.00000253,0.00000379,0.00000587,0.00000779,0.0000087,0.00000907,37777,N,36.6501,58.7705,0.6236138879
mandelbort:20000: 45-96,20000,2324120600,4.14757647,15.60823432,82.54012896,2455.653061,0.7281677612,0.1611461845,0.5425470623,0.2416073482,7817,0.000004619,1065213230,0.6294285594,0,0.5571302943,0.0455902122,0.9469681209,0.9925583331,0.0455902122,0.9961044607,44098.95277,1407833.166,0.0067146018,0,0,0,0.0000179,0.000024719,0.0000371,0.0000574,0.0000762,0.0000851,0.0000887,3863,N,3.63396,11.5326,0.3151032725
mandelbort:2000: 45-96,2000,277629064,4.755519196,19.30420972,37.46870524,93.34910784,0.7166517047,0.1536570789,0.5573399333,0.229545416,7818,3.929367049E-05,139374486,0.700503342,0,0.5694263941,0.0518001617,0.9366642392,0.9884644009,0.0518001617,0.9939208366,5165.242145,164729.0592,0.0943776529,0,0,0,0.0001495291,0.0002069302,0.0003105296,0.0004805071,0.0006378625,0.000712434,0.0007422668,461,N,0.424559,1.19308,0.3558512422
primeCounter:500000: 56-74,500000,1577795120,6.141176471,23.72727273,522,522,0.4616610951,0.3076367425,0.6154636199,0,2,2.745719131E-09,606874752,0.8331538084,0,0,0,1,1,0,1,303437377,303437377,0.0117647059,0,0,0,0.000000493,0.00000086,0.0000013,0.00000142,0.00000126,0.00000105,0.00000158,3022596,N,31.217143,225.570007,0.1383922597
2MM_256: 53-67,256,42720285,6.496343319,8.93573981,11.79339238,13.05496398,0.7688375206,0.0773052427,0.8458412906,0.153557028,2453,7.46842179E-05,19718501,0.6003509276,0.4995121951,0,0.0312739873,0.938329276,0.9696032634,0.0312739873,0.9705531614,12041.11777,364801.2716,0.4989208463,0.2497560976,0,0,0.0023969878,0.0047939755,0.009587951,0.019175902,0.0383518041,0.0385016158,0.0385016158,2,N,0.183176,0.183856,0.9963014533
2MM_2048: 53-67,2048,22254528718,5.777958044,8.696653112,9.000844887,13.00188652,0.7691816472,0.0769707613,0.8461148341,0.1538100357,157190,9.182852297E-06,5991973680,0.3500439549,0.4999389723,0,0.0278898965,0.9443402151,0.9722301116,0.0278898965,0.9730979207,98004.60105,3133057.807,0.4875799816,0.2499694861,0,0,0.0001487144,0.0002974287,0.0005948574,0.0011897149,0.0023794298,0.0047588595,0.0095177191,18,Y,229.742435,36.691016,6.2615446517
MisAlligned:27: 25-35,33554432,3087007665,3.43956044,16.47368421,313,313,0.7826086894,0.1739130486,0.782608692,0.1304347762,8388611,0.0034722236,1073741815,0.4444444556,0.3333333333,0,0.2333345334,0.7666654666,1,0.2333345334,1,159.9999558,5119.960745,0.010989011,0,0,0,0,0,0,0,0,0,0,9862644,N,0.806279,1.941307,0.4153279208
2MM_512: 53-67,512,348099643,5.77849191,8.787739572,10.17633282,13.0160696,0.7690342216,0.0771139602,0.8459977047,0.1537016457,9829,3.671639988E-05,160667341,0.6001756373,0.4997559785,0,0.0282340329,0.9440159692,0.972250002,0.0282340329,0.9731171894,24504.92442,774544.717,0.4442414474,0.2498779893,0,0,0.0012002081,0.0024004161,0.0048008323,0.0096016645,0.0192033291,0.0384066582,0.0384816712,4,Y,1.593083,0.765183,2.0819633996
2MM_1024: 53-67,1024,2782809196,5.778137155,8.726826261,9.36155989,13.00519398,0.7691325151,0.0770184698,0.8460758069,0.1537739118,39301,0.000018362,1284397465,0.6000878564,0.4998779595,0,0.0280053443,0.944229323,0.9722346673,0.0280053443,0.9731023339,49008.3451,1562145.968,0.4443673552,0.2499389797,0,0,0.0005946452,0.0011892903,0.0023785806,0.0047571612,0.0095143224,0.0190286449,0.0380572898,9,Y,26.307725,4.542364,5.7916373501
min_max_avg_262144: 26-37,262144,103077930603,5.000009248,5.000289008,5.002572765,5.084707627,0.7999992879,0.1333339776,0.7333330621,0.0666664802,32772,48103004569,0,1,0,0.65,0.65,0.175,0.825,2096867.235,66846822,0.995840718,0,0,0,0,0,0,0,0,0,0,2383,0,2383,Y,169.931417,119.958813,1.4165813478
min_max_avg_131072: 26-37,131072,25769554746,5.000018495,5.000578046,5.005148158,5.172334128,0.7999985758,0.1333346219,0.7333327907,0.0666662937,16388,7.949317196E-07,12025777357,0.5833336511,0,1,0,0.6500012,0.6500012,0.1749994,0.8250006,1048307.266,33293913.7,0.9916814553,0,0,0,0,0,0,0,0,0,0,1191,Y,41.48116,37.52231,1.105506564
min_max_avg_65536: 26-37,65536,6441933212,5.000036991,5.001156217,5.010306842,5.356968763,0.7999971517,0.1333359105,0.733332248,0.0666659206,8196,1.590366764E-06,3006228069,0.5833339685,0,1,0,0.6500022001,0.6500022001,0.1749989,0.8250011,523987.3469,16517693.44,0.9833629875,0,0,0,0,0,0,0,0,0,0,595,Y,11.387481,8.305175,1.3711307709
min_max_avg_32768: 26-37,32768,1610255565,5.000073981,5.00231293,5.02065592,5.768812202,0.7999943034,0.1333384878,0.7333311622,0.0666651744,4100,3.182747264E-06,751448881,0.5833346025,0,1,0,0.6500020001,0.6500020001,0.174999,0.825001,261827.509,8132521.114,0.9667262827,0,0,0,0,0,0,0,0,0,0,297,N,2.773428,4.125899,0.672199683
MisAlligned:26: 25-35,67108864,1543503793,5.048387097,22.35714286,313,313,0.7826086832,0.1739130537,0.7826086884,0.1304347698,4194306,0.0034722241,805306320,0.6666666717,0.3333333333,0,0.2333345334,0.7666654666,1,0.2333345334,1,159.9998862,5119.92149,0.0161290323,0,0,0,0,0,0,0,0,0,0,4931322,N,0.404466,1.005013,0.4024485255
MisAlligned:25: 25-35,134217728,771751857,3.43956044,16.47368421,313,313,0.7826086708,0.1739130639,0.7826086812,0.1304347571,2097154,0.003472226,402653136,0.6666666766,0.3333333333,0,0.2333345334,0.7666654666,1,0.2333345334,1,159.9998233,5119.842982,0.010989011,0,0,0,0,0,0,0,0,0,0,2465660,N,0.221769,0.552345,0.4015044945
